Dataset,Algorithm,Training Time,inertia,homo,compl,v-meas,ARI,AMI,silhouette
letter,k-means++ 25,6.6276469230651855,0.84786260344951758,1.0,1.0,1.0,1.0,1.0,0.15886393538202451,0.84786260344951669
letter,k-means++ 26,8.245704889297485,0.83645402239516609,1.0,1.0,1.0,1.0,1.0,0.14545395123678856,0.83645402239516708
letter,k-means++ 27,8.589812994003296,0.82690160479607255,1.0,1.0,1.0,1.0,1.0,0.14990479297371873,0.82690160479607333
letter,random 25,7.9119038581848145,0.84935529850682878,1.0,1.0,1.0,1.0,1.0,0.15119647421053559,0.849355298506835
letter,random 26,7.854852914810181,0.83914714358280929,1.0,1.0,1.0,1.0,1.0,0.14979564830910058,0.83914714358280973
letter,random 27,9.57715892791748,0.82585827649684285,1.0,1.0,1.0,1.0,1.0,0.15481380872229578,0.82585827649684673
